"","run_num","sp","var","mean","se","n_fish","n_dfly","mean_fish","mean_dfly","sync_fish","sync_dfly","asym_fish","asym_dfly","surv_tot","biom_tot"
"1",1,"d","biom",49.4,NA,50,50,"early","early","high","high",0.5,0.5,54,363.3
"2",1,"d","emer",134.12,9.24,50,50,"early","early","high","high",0.5,0.5,54,363.3
"3",1,"d","grow",0.07,0.01,50,50,"early","early","high","high",0.5,0.5,54,363.3
"4",1,"d","mass",6.17,0.04,50,50,"early","early","high","high",0.5,0.5,54,363.3
"5",1,"d","surv",8,NA,50,50,"early","early","high","high",0.5,0.5,54,363.3
"6",1,"f","biom",313.9,NA,50,50,"early","early","high","high",0.5,0.5,54,363.3
"7",1,"f","emer",90.48,2.13,50,50,"early","early","high","high",0.5,0.5,54,363.3
"8",1,"f","grow",0.11,0,50,50,"early","early","high","high",0.5,0.5,54,363.3
"9",1,"f","mass",6.82,0.07,50,50,"early","early","high","high",0.5,0.5,54,363.3
"10",1,"f","surv",46,NA,50,50,"early","early","high","high",0.5,0.5,54,363.3
"11",2,"d","biom",25.15,NA,50,50,"early","early","high","high",0.5,0.5,54,363.75
"12",2,"d","emer",133,10.06,50,50,"early","early","high","high",0.5,0.5,54,363.75
"13",2,"d","grow",0.07,0.01,50,50,"early","early","high","high",0.5,0.5,54,363.75
"14",2,"d","mass",6.29,0.07,50,50,"early","early","high","high",0.5,0.5,54,363.75
"15",2,"d","surv",4,NA,50,50,"early","early","high","high",0.5,0.5,54,363.75
"16",2,"f","biom",338.6,NA,50,50,"early","early","high","high",0.5,0.5,54,363.75
"17",2,"f","emer",92.2,1.76,50,50,"early","early","high","high",0.5,0.5,54,363.75
"18",2,"f","grow",0.11,0,50,50,"early","early","high","high",0.5,0.5,54,363.75
"19",2,"f","mass",6.77,0.07,50,50,"early","early","high","high",0.5,0.5,54,363.75
"20",2,"f","surv",50,NA,50,50,"early","early","high","high",0.5,0.5,54,363.75
"21",3,"d","biom",30.85,NA,50,50,"early","early","high","high",0.5,0.5,54,369.2
"22",3,"d","emer",150,10.22,50,50,"early","early","high","high",0.5,0.5,54,369.2
"23",3,"d","grow",0.06,0.01,50,50,"early","early","high","high",0.5,0.5,54,369.2
"24",3,"d","mass",6.17,0.03,50,50,"early","early","high","high",0.5,0.5,54,369.2
"25",3,"d","surv",5,NA,50,50,"early","early","high","high",0.5,0.5,54,369.2
"26",3,"f","biom",338.35,NA,50,50,"early","early","high","high",0.5,0.5,54,369.2
"27",3,"f","emer",90.84,2.03,50,50,"early","early","high","high",0.5,0.5,54,369.2
"28",3,"f","grow",0.11,0,50,50,"early","early","high","high",0.5,0.5,54,369.2
"29",3,"f","mass",6.91,0.07,50,50,"early","early","high","high",0.5,0.5,54,369.2
"30",3,"f","surv",49,NA,50,50,"early","early","high","high",0.5,0.5,54,369.2
"31",4,"d","biom",24.6,NA,50,50,"early","early","high","high",0.5,0.5,51,345.7
"32",4,"d","emer",150.5,11.55,50,50,"early","early","high","high",0.5,0.5,51,345.7
"33",4,"d","grow",0.06,0.01,50,50,"early","early","high","high",0.5,0.5,51,345.7
"34",4,"d","mass",6.15,0.05,50,50,"early","early","high","high",0.5,0.5,51,345.7
"35",4,"d","surv",4,NA,50,50,"early","early","high","high",0.5,0.5,51,345.7
"36",4,"f","biom",321.1,NA,50,50,"early","early","high","high",0.5,0.5,51,345.7
"37",4,"f","emer",91.36,1.93,50,50,"early","early","high","high",0.5,0.5,51,345.7
"38",4,"f","grow",0.11,0,50,50,"early","early","high","high",0.5,0.5,51,345.7
"39",4,"f","mass",6.83,0.08,50,50,"early","early","high","high",0.5,0.5,51,345.7
"40",4,"f","surv",47,NA,50,50,"early","early","high","high",0.5,0.5,51,345.7
"41",5,"d","biom",12.55,NA,50,50,"early","early","high","high",0.5,0.5,51,347.85
"42",5,"d","emer",155,19,50,50,"early","early","high","high",0.5,0.5,51,347.85
"43",5,"d","grow",0.06,0.01,50,50,"early","early","high","high",0.5,0.5,51,347.85
"44",5,"d","mass",6.28,0.02,50,50,"early","early","high","high",0.5,0.5,51,347.85
"45",5,"d","surv",2,NA,50,50,"early","early","high","high",0.5,0.5,51,347.85
"46",5,"f","biom",335.3,NA,50,50,"early","early","high","high",0.5,0.5,51,347.85
"47",5,"f","emer",90.71,2.13,50,50,"early","early","high","high",0.5,0.5,51,347.85
"48",5,"f","grow",0.11,0,50,50,"early","early","high","high",0.5,0.5,51,347.85
"49",5,"f","mass",6.84,0.08,50,50,"early","early","high","high",0.5,0.5,51,347.85
"50",5,"f","surv",49,NA,50,50,"early","early","high","high",0.5,0.5,51,347.85
"51",6,"d","biom",25.3,NA,50,50,"early","early","high","high",0.5,0.5,50,337.35
"52",6,"d","emer",145.5,7.88,50,50,"early","early","high","high",0.5,0.5,50,337.35
"53",6,"d","grow",0.06,0,50,50,"early","early","high","high",0.5,0.5,50,337.35
"54",6,"d","mass",6.33,0.08,50,50,"early","early","high","high",0.5,0.5,50,337.35
"55",6,"d","surv",4,NA,50,50,"early","early","high","high",0.5,0.5,50,337.35
"56",6,"f","biom",312.05,NA,50,50,"early","early","high","high",0.5,0.5,50,337.35
"57",6,"f","emer",92.8,2.4,50,50,"early","early","high","high",0.5,0.5,50,337.35
"58",6,"f","grow",0.11,0,50,50,"early","early","high","high",0.5,0.5,50,337.35
"59",6,"f","mass",6.78,0.07,50,50,"early","early","high","high",0.5,0.5,50,337.35
"60",6,"f","surv",46,NA,50,50,"early","early","high","high",0.5,0.5,50,337.35
"61",7,"d","biom",141.3,NA,50,50,"same","early","high","high",0.5,0.5,44,282.15
"62",7,"d","emer",109.95,3.71,50,50,"same","early","high","high",0.5,0.5,44,282.15
"63",7,"d","grow",0.1,0,50,50,"same","early","high","high",0.5,0.5,44,282.15
"64",7,"d","mass",6.42,0.08,50,50,"same","early","high","high",0.5,0.5,44,282.15
"65",7,"d","surv",22,NA,50,50,"same","early","high","high",0.5,0.5,44,282.15
"66",7,"f","biom",140.85,NA,50,50,"same","early","high","high",0.5,0.5,44,282.15
"67",7,"f","emer",110.36,3.08,50,50,"same","early","high","high",0.5,0.5,44,282.15
"68",7,"f","grow",0.1,0,50,50,"same","early","high","high",0.5,0.5,44,282.15
"69",7,"f","mass",6.4,0.06,50,50,"same","early","high","high",0.5,0.5,44,282.15
"70",7,"f","surv",22,NA,50,50,"same","early","high","high",0.5,0.5,44,282.15
"71",8,"d","biom",116.25,NA,50,50,"same","early","high","high",0.5,0.5,45,292.15
"72",8,"d","emer",115.94,4.43,50,50,"same","early","high","high",0.5,0.5,45,292.15
"73",8,"d","grow",0.09,0.01,50,50,"same","early","high","high",0.5,0.5,45,292.15
"74",8,"d","mass",6.46,0.11,50,50,"same","early","high","high",0.5,0.5,45,292.15
"75",8,"d","surv",18,NA,50,50,"same","early","high","high",0.5,0.5,45,292.15
"76",8,"f","biom",175.9,NA,50,50,"same","early","high","high",0.5,0.5,45,292.15
"77",8,"f","emer",109.44,2.79,50,50,"same","early","high","high",0.5,0.5,45,292.15
"78",8,"f","grow",0.1,0,50,50,"same","early","high","high",0.5,0.5,45,292.15
"79",8,"f","mass",6.51,0.06,50,50,"same","early","high","high",0.5,0.5,45,292.15
"80",8,"f","surv",27,NA,50,50,"same","early","high","high",0.5,0.5,45,292.15
"81",9,"d","biom",127.7,NA,50,50,"same","early","high","high",0.5,0.5,46,295.65
"82",9,"d","emer",117.35,3.83,50,50,"same","early","high","high",0.5,0.5,46,295.65
"83",9,"d","grow",0.09,0,50,50,"same","early","high","high",0.5,0.5,46,295.65
"84",9,"d","mass",6.38,0.08,50,50,"same","early","high","high",0.5,0.5,46,295.65
"85",9,"d","surv",20,NA,50,50,"same","early","high","high",0.5,0.5,46,295.65
"86",9,"f","biom",167.95,NA,50,50,"same","early","high","high",0.5,0.5,46,295.65
"87",9,"f","emer",111.65,3.11,50,50,"same","early","high","high",0.5,0.5,46,295.65
"88",9,"f","grow",0.1,0,50,50,"same","early","high","high",0.5,0.5,46,295.65
"89",9,"f","mass",6.46,0.07,50,50,"same","early","high","high",0.5,0.5,46,295.65
"90",9,"f","surv",26,NA,50,50,"same","early","high","high",0.5,0.5,46,295.65
"91",10,"d","biom",142.1,NA,50,50,"same","early","high","high",0.5,0.5,39,250.7
"92",10,"d","emer",112.86,3.24,50,50,"same","early","high","high",0.5,0.5,39,250.7
"93",10,"d","grow",0.1,0,50,50,"same","early","high","high",0.5,0.5,39,250.7
"94",10,"d","mass",6.46,0.06,50,50,"same","early","high","high",0.5,0.5,39,250.7
"95",10,"d","surv",22,NA,50,50,"same","early","high","high",0.5,0.5,39,250.7
"96",10,"f","biom",108.6,NA,50,50,"same","early","high","high",0.5,0.5,39,250.7
"97",10,"f","emer",115,4,50,50,"same","early","high","high",0.5,0.5,39,250.7
"98",10,"f","grow",0.09,0,50,50,"same","early","high","high",0.5,0.5,39,250.7
"99",10,"f","mass",6.39,0.07,50,50,"same","early","high","high",0.5,0.5,39,250.7
"100",10,"f","surv",17,NA,50,50,"same","early","high","high",0.5,0.5,39,250.7
"101",11,"d","biom",103.35,NA,50,50,"same","early","high","high",0.5,0.5,41,266.65
"102",11,"d","emer",111.5,4.13,50,50,"same","early","high","high",0.5,0.5,41,266.65
"103",11,"d","grow",0.1,0,50,50,"same","early","high","high",0.5,0.5,41,266.65
"104",11,"d","mass",6.46,0.06,50,50,"same","early","high","high",0.5,0.5,41,266.65
"105",11,"d","surv",16,NA,50,50,"same","early","high","high",0.5,0.5,41,266.65
"106",11,"f","biom",163.3,NA,50,50,"same","early","high","high",0.5,0.5,41,266.65
"107",11,"f","emer",112.76,3.65,50,50,"same","early","high","high",0.5,0.5,41,266.65
"108",11,"f","grow",0.1,0,50,50,"same","early","high","high",0.5,0.5,41,266.65
"109",11,"f","mass",6.53,0.08,50,50,"same","early","high","high",0.5,0.5,41,266.65
"110",11,"f","surv",25,NA,50,50,"same","early","high","high",0.5,0.5,41,266.65
"111",12,"d","biom",135.75,NA,50,50,"same","early","high","high",0.5,0.5,45,290.95
"112",12,"d","emer",112.14,3.23,50,50,"same","early","high","high",0.5,0.5,45,290.95
"113",12,"d","grow",0.1,0,50,50,"same","early","high","high",0.5,0.5,45,290.95
"114",12,"d","mass",6.46,0.07,50,50,"same","early","high","high",0.5,0.5,45,290.95
"115",12,"d","surv",21,NA,50,50,"same","early","high","high",0.5,0.5,45,290.95
"116",12,"f","biom",155.2,NA,50,50,"same","early","high","high",0.5,0.5,45,290.95
"117",12,"f","emer",109.62,3.21,50,50,"same","early","high","high",0.5,0.5,45,290.95
"118",12,"f","grow",0.1,0,50,50,"same","early","high","high",0.5,0.5,45,290.95
"119",12,"f","mass",6.47,0.09,50,50,"same","early","high","high",0.5,0.5,45,290.95
"120",12,"f","surv",24,NA,50,50,"same","early","high","high",0.5,0.5,45,290.95
"121",13,"d","biom",335.2,NA,50,50,"late","early","high","high",0.5,0.5,52,360.05
"122",13,"d","emer",104.38,1.59,50,50,"late","early","high","high",0.5,0.5,52,360.05
"123",13,"d","grow",0.12,0,50,50,"late","early","high","high",0.5,0.5,52,360.05
"124",13,"d","mass",6.98,0.09,50,50,"late","early","high","high",0.5,0.5,52,360.05
"125",13,"d","surv",48,NA,50,50,"late","early","high","high",0.5,0.5,52,360.05
"126",13,"f","biom",24.85,NA,50,50,"late","early","high","high",0.5,0.5,52,360.05
"127",13,"f","emer",171.5,7.08,50,50,"late","early","high","high",0.5,0.5,52,360.05
"128",13,"f","grow",0.06,0,50,50,"late","early","high","high",0.5,0.5,52,360.05
"129",13,"f","mass",6.21,0.11,50,50,"late","early","high","high",0.5,0.5,52,360.05
"130",13,"f","surv",4,NA,50,50,"late","early","high","high",0.5,0.5,52,360.05
"131",14,"d","biom",324.9,NA,50,50,"late","early","high","high",0.5,0.5,51,356.2
"132",14,"d","emer",108,2.21,50,50,"late","early","high","high",0.5,0.5,51,356.2
"133",14,"d","grow",0.12,0,50,50,"late","early","high","high",0.5,0.5,51,356.2
"134",14,"d","mass",7.06,0.09,50,50,"late","early","high","high",0.5,0.5,51,356.2
"135",14,"d","surv",46,NA,50,50,"late","early","high","high",0.5,0.5,51,356.2
"136",14,"f","biom",31.3,NA,50,50,"late","early","high","high",0.5,0.5,51,356.2
"137",14,"f","emer",144.6,10.49,50,50,"late","early","high","high",0.5,0.5,51,356.2
"138",14,"f","grow",0.07,0.01,50,50,"late","early","high","high",0.5,0.5,51,356.2
"139",14,"f","mass",6.26,0.08,50,50,"late","early","high","high",0.5,0.5,51,356.2
"140",14,"f","surv",5,NA,50,50,"late","early","high","high",0.5,0.5,51,356.2
"141",15,"d","biom",306.9,NA,50,50,"late","early","high","high",0.5,0.5,50,344.65
"142",15,"d","emer",103.61,1.41,50,50,"late","early","high","high",0.5,0.5,50,344.65
"143",15,"d","grow",0.12,0,50,50,"late","early","high","high",0.5,0.5,50,344.65
"144",15,"d","mass",6.97,0.08,50,50,"late","early","high","high",0.5,0.5,50,344.65
"145",15,"d","surv",44,NA,50,50,"late","early","high","high",0.5,0.5,50,344.65
"146",15,"f","biom",37.75,NA,50,50,"late","early","high","high",0.5,0.5,50,344.65
"147",15,"f","emer",148.17,9.77,50,50,"late","early","high","high",0.5,0.5,50,344.65
"148",15,"f","grow",0.07,0.01,50,50,"late","early","high","high",0.5,0.5,50,344.65
"149",15,"f","mass",6.29,0.09,50,50,"late","early","high","high",0.5,0.5,50,344.65
"150",15,"f","surv",6,NA,50,50,"late","early","high","high",0.5,0.5,50,344.65
"151",16,"d","biom",338.3,NA,50,50,"late","early","high","high",0.5,0.5,52,356.9
"152",16,"d","emer",106.94,2.53,50,50,"late","early","high","high",0.5,0.5,52,356.9
"153",16,"d","grow",0.12,0,50,50,"late","early","high","high",0.5,0.5,52,356.9
"154",16,"d","mass",6.9,0.09,50,50,"late","early","high","high",0.5,0.5,52,356.9
"155",16,"d","surv",49,NA,50,50,"late","early","high","high",0.5,0.5,52,356.9
"156",16,"f","biom",18.6,NA,50,50,"late","early","high","high",0.5,0.5,52,356.9
"157",16,"f","emer",162.33,21.96,50,50,"late","early","high","high",0.5,0.5,52,356.9
"158",16,"f","grow",0.07,0.01,50,50,"late","early","high","high",0.5,0.5,52,356.9
"159",16,"f","mass",6.2,0.08,50,50,"late","early","high","high",0.5,0.5,52,356.9
"160",16,"f","surv",3,NA,50,50,"late","early","high","high",0.5,0.5,52,356.9
"161",17,"d","biom",325.25,NA,50,50,"late","early","high","high",0.5,0.5,49,338.1
"162",17,"d","emer",106.36,2.25,50,50,"late","early","high","high",0.5,0.5,49,338.1
"163",17,"d","grow",0.12,0,50,50,"late","early","high","high",0.5,0.5,49,338.1
"164",17,"d","mass",6.92,0.08,50,50,"late","early","high","high",0.5,0.5,49,338.1
"165",17,"d","surv",47,NA,50,50,"late","early","high","high",0.5,0.5,49,338.1
"166",17,"f","biom",12.85,NA,50,50,"late","early","high","high",0.5,0.5,49,338.1
"167",17,"f","emer",126,1,50,50,"late","early","high","high",0.5,0.5,49,338.1
"168",17,"f","grow",0.09,0,50,50,"late","early","high","high",0.5,0.5,49,338.1
"169",17,"f","mass",6.42,0.12,50,50,"late","early","high","high",0.5,0.5,49,338.1
"170",17,"f","surv",2,NA,50,50,"late","early","high","high",0.5,0.5,49,338.1
"171",18,"d","biom",326.7,NA,50,50,"late","early","high","high",0.5,0.5,52,357.5
"172",18,"d","emer",106.23,1.81,50,50,"late","early","high","high",0.5,0.5,52,357.5
"173",18,"d","grow",0.12,0,50,50,"late","early","high","high",0.5,0.5,52,357.5
"174",18,"d","mass",6.95,0.07,50,50,"late","early","high","high",0.5,0.5,52,357.5
"175",18,"d","surv",47,NA,50,50,"late","early","high","high",0.5,0.5,52,357.5
"176",18,"f","biom",30.8,NA,50,50,"late","early","high","high",0.5,0.5,52,357.5
"177",18,"f","emer",146.4,10.94,50,50,"late","early","high","high",0.5,0.5,52,357.5
"178",18,"f","grow",0.07,0.01,50,50,"late","early","high","high",0.5,0.5,52,357.5
"179",18,"f","mass",6.16,0.06,50,50,"late","early","high","high",0.5,0.5,52,357.5
"180",18,"f","surv",5,NA,50,50,"late","early","high","high",0.5,0.5,52,357.5
"181",19,"d","biom",43.2,NA,50,50,"early","early","med","high",0.5,0.5,47,327.2
"182",19,"d","emer",142.71,6.3,50,50,"early","early","med","high",0.5,0.5,47,327.2
"183",19,"d","grow",0.06,0,50,50,"early","early","med","high",0.5,0.5,47,327.2
"184",19,"d","mass",6.17,0.05,50,50,"early","early","med","high",0.5,0.5,47,327.2
"185",19,"d","surv",7,NA,50,50,"early","early","med","high",0.5,0.5,47,327.2
"186",19,"f","biom",284,NA,50,50,"early","early","med","high",0.5,0.5,47,327.2
"187",19,"f","emer",88.03,2.45,50,50,"early","early","med","high",0.5,0.5,47,327.2
"188",19,"f","grow",0.11,0,50,50,"early","early","med","high",0.5,0.5,47,327.2
"189",19,"f","mass",7.1,0.11,50,50,"early","early","med","high",0.5,0.5,47,327.2
"190",19,"f","surv",40,NA,50,50,"early","early","med","high",0.5,0.5,47,327.2
"191",20,"d","biom",18.8,NA,50,50,"early","early","med","high",0.5,0.5,44,309.55
"192",20,"d","emer",131.67,12.91,50,50,"early","early","med","high",0.5,0.5,44,309.55
"193",20,"d","grow",0.07,0.01,50,50,"early","early","med","high",0.5,0.5,44,309.55
"194",20,"d","mass",6.27,0.09,50,50,"early","early","med","high",0.5,0.5,44,309.55
"195",20,"d","surv",3,NA,50,50,"early","early","med","high",0.5,0.5,44,309.55
"196",20,"f","biom",290.75,NA,50,50,"early","early","med","high",0.5,0.5,44,309.55
"197",20,"f","emer",88.76,2.65,50,50,"early","early","med","high",0.5,0.5,44,309.55
"198",20,"f","grow",0.11,0,50,50,"early","early","med","high",0.5,0.5,44,309.55
"199",20,"f","mass",7.09,0.11,50,50,"early","early","med","high",0.5,0.5,44,309.55
"200",20,"f","surv",41,NA,50,50,"early","early","med","high",0.5,0.5,44,309.55
"201",21,"d","biom",18.65,NA,50,50,"early","early","med","high",0.5,0.5,39,275.15
"202",21,"d","emer",118.67,5.04,50,50,"early","early","med","high",0.5,0.5,39,275.15
"203",21,"d","grow",0.08,0.01,50,50,"early","early","med","high",0.5,0.5,39,275.15
"204",21,"d","mass",6.22,0.14,50,50,"early","early","med","high",0.5,0.5,39,275.15
"205",21,"d","surv",3,NA,50,50,"early","early","med","high",0.5,0.5,39,275.15
"206",21,"f","biom",256.5,NA,50,50,"early","early","med","high",0.5,0.5,39,275.15
"207",21,"f","emer",90.78,2.44,50,50,"early","early","med","high",0.5,0.5,39,275.15
"208",21,"f","grow",0.11,0,50,50,"early","early","med","high",0.5,0.5,39,275.15
"209",21,"f","mass",7.12,0.13,50,50,"early","early","med","high",0.5,0.5,39,275.15
"210",21,"f","surv",36,NA,50,50,"early","early","med","high",0.5,0.5,39,275.15
"211",22,"d","biom",37.3,NA,50,50,"early","early","med","high",0.5,0.5,43,303.2
"212",22,"d","emer",127.33,6.83,50,50,"early","early","med","high",0.5,0.5,43,303.2
"213",22,"d","grow",0.07,0,50,50,"early","early","med","high",0.5,0.5,43,303.2
"214",22,"d","mass",6.22,0.04,50,50,"early","early","med","high",0.5,0.5,43,303.2
"215",22,"d","surv",6,NA,50,50,"early","early","med","high",0.5,0.5,43,303.2
"216",22,"f","biom",265.9,NA,50,50,"early","early","med","high",0.5,0.5,43,303.2
"217",22,"f","emer",89.89,2.81,50,50,"early","early","med","high",0.5,0.5,43,303.2
"218",22,"f","grow",0.11,0,50,50,"early","early","med","high",0.5,0.5,43,303.2
"219",22,"f","mass",7.19,0.11,50,50,"early","early","med","high",0.5,0.5,43,303.2
"220",22,"f","surv",37,NA,50,50,"early","early","med","high",0.5,0.5,43,303.2
"221",23,"d","biom",18.75,NA,50,50,"early","early","med","high",0.5,0.5,41,291.1
"222",23,"d","emer",136,3.61,50,50,"early","early","med","high",0.5,0.5,41,291.1
"223",23,"d","grow",0.07,0,50,50,"early","early","med","high",0.5,0.5,41,291.1
"224",23,"d","mass",6.25,0.08,50,50,"early","early","med","high",0.5,0.5,41,291.1
"225",23,"d","surv",3,NA,50,50,"early","early","med","high",0.5,0.5,41,291.1
"226",23,"f","biom",272.35,NA,50,50,"early","early","med","high",0.5,0.5,41,291.1
"227",23,"f","emer",88.95,3.21,50,50,"early","early","med","high",0.5,0.5,41,291.1
"228",23,"f","grow",0.11,0,50,50,"early","early","med","high",0.5,0.5,41,291.1
"229",23,"f","mass",7.17,0.11,50,50,"early","early","med","high",0.5,0.5,41,291.1
"230",23,"f","surv",38,NA,50,50,"early","early","med","high",0.5,0.5,41,291.1
"231",24,"d","biom",31.35,NA,50,50,"early","early","med","high",0.5,0.5,44,309.1
"232",24,"d","emer",139,13.15,50,50,"early","early","med","high",0.5,0.5,44,309.1
"233",24,"d","grow",0.07,0.01,50,50,"early","early","med","high",0.5,0.5,44,309.1
"234",24,"d","mass",6.27,0.1,50,50,"early","early","med","high",0.5,0.5,44,309.1
"235",24,"d","surv",5,NA,50,50,"early","early","med","high",0.5,0.5,44,309.1
"236",24,"f","biom",277.75,NA,50,50,"early","early","med","high",0.5,0.5,44,309.1
"237",24,"f","emer",87.44,2.72,50,50,"early","early","med","high",0.5,0.5,44,309.1
"238",24,"f","grow",0.11,0,50,50,"early","early","med","high",0.5,0.5,44,309.1
"239",24,"f","mass",7.12,0.12,50,50,"early","early","med","high",0.5,0.5,44,309.1
"240",24,"f","surv",39,NA,50,50,"early","early","med","high",0.5,0.5,44,309.1
"241",25,"d","biom",180.8,NA,50,50,"same","early","med","high",0.5,0.5,53,357.65
"242",25,"d","emer",116.96,3.68,50,50,"same","early","med","high",0.5,0.5,53,357.65
"243",25,"d","grow",0.09,0,50,50,"same","early","med","high",0.5,0.5,53,357.65
"244",25,"d","mass",6.46,0.05,50,50,"same","early","med","high",0.5,0.5,53,357.65
"245",25,"d","surv",28,NA,50,50,"same","early","med","high",0.5,0.5,53,357.65
"246",25,"f","biom",176.85,NA,50,50,"same","early","med","high",0.5,0.5,53,357.65
"247",25,"f","emer",96.16,3.5,50,50,"same","early","med","high",0.5,0.5,53,357.65
"248",25,"f","grow",0.12,0.01,50,50,"same","early","med","high",0.5,0.5,53,357.65
"249",25,"f","mass",7.07,0.19,50,50,"same","early","med","high",0.5,0.5,53,357.65
"250",25,"f","surv",25,NA,50,50,"same","early","med","high",0.5,0.5,53,357.65
"251",26,"d","biom",145.3,NA,50,50,"same","early","med","high",0.5,0.5,42,295.25
"252",26,"d","emer",110.91,4.14,50,50,"same","early","med","high",0.5,0.5,42,295.25
"253",26,"d","grow",0.1,0.01,50,50,"same","early","med","high",0.5,0.5,42,295.25
"254",26,"d","mass",6.6,0.11,50,50,"same","early","med","high",0.5,0.5,42,295.25
"255",26,"d","surv",22,NA,50,50,"same","early","med","high",0.5,0.5,42,295.25
"256",26,"f","biom",149.95,NA,50,50,"same","early","med","high",0.5,0.5,42,295.25
"257",26,"f","emer",95.9,3.84,50,50,"same","early","med","high",0.5,0.5,42,295.25
"258",26,"f","grow",0.13,0.01,50,50,"same","early","med","high",0.5,0.5,42,295.25
"259",26,"f","mass",7.5,0.29,50,50,"same","early","med","high",0.5,0.5,42,295.25
"260",26,"f","surv",20,NA,50,50,"same","early","med","high",0.5,0.5,42,295.25
"261",27,"d","biom",162.3,NA,50,50,"same","early","med","high",0.5,0.5,49,332.25
"262",27,"d","emer",115.16,3.53,50,50,"same","early","med","high",0.5,0.5,49,332.25
"263",27,"d","grow",0.09,0,50,50,"same","early","med","high",0.5,0.5,49,332.25
"264",27,"d","mass",6.49,0.07,50,50,"same","early","med","high",0.5,0.5,49,332.25
"265",27,"d","surv",25,NA,50,50,"same","early","med","high",0.5,0.5,49,332.25
"266",27,"f","biom",169.95,NA,50,50,"same","early","med","high",0.5,0.5,49,332.25
"267",27,"f","emer",96.92,4.51,50,50,"same","early","med","high",0.5,0.5,49,332.25
"268",27,"f","grow",0.12,0.01,50,50,"same","early","med","high",0.5,0.5,49,332.25
"269",27,"f","mass",7.08,0.2,50,50,"same","early","med","high",0.5,0.5,49,332.25
"270",27,"f","surv",24,NA,50,50,"same","early","med","high",0.5,0.5,49,332.25
"271",28,"d","biom",128.55,NA,50,50,"same","early","med","high",0.5,0.5,49,323.35
"272",28,"d","emer",122.75,5.69,50,50,"same","early","med","high",0.5,0.5,49,323.35
"273",28,"d","grow",0.09,0.01,50,50,"same","early","med","high",0.5,0.5,49,323.35
"274",28,"d","mass",6.43,0.07,50,50,"same","early","med","high",0.5,0.5,49,323.35
"275",28,"d","surv",20,NA,50,50,"same","early","med","high",0.5,0.5,49,323.35
"276",28,"f","biom",194.8,NA,50,50,"same","early","med","high",0.5,0.5,49,323.35
"277",28,"f","emer",100.76,2.6,50,50,"same","early","med","high",0.5,0.5,49,323.35
"278",28,"f","grow",0.11,0,50,50,"same","early","med","high",0.5,0.5,49,323.35
"279",28,"f","mass",6.72,0.11,50,50,"same","early","med","high",0.5,0.5,49,323.35
"280",28,"f","surv",29,NA,50,50,"same","early","med","high",0.5,0.5,49,323.35
"281",29,"d","biom",74.7,NA,50,50,"same","early","med","high",0.5,0.5,39,271.1
"282",29,"d","emer",124.92,4.85,50,50,"same","early","med","high",0.5,0.5,39,271.1
"283",29,"d","grow",0.08,0,50,50,"same","early","med","high",0.5,0.5,39,271.1
"284",29,"d","mass",6.22,0.04,50,50,"same","early","med","high",0.5,0.5,39,271.1
"285",29,"d","surv",12,NA,50,50,"same","early","med","high",0.5,0.5,39,271.1
"286",29,"f","biom",196.4,NA,50,50,"same","early","med","high",0.5,0.5,39,271.1
"287",29,"f","emer",98.48,4.01,50,50,"same","early","med","high",0.5,0.5,39,271.1
"288",29,"f","grow",0.11,0.01,50,50,"same","early","med","high",0.5,0.5,39,271.1
"289",29,"f","mass",7.27,0.19,50,50,"same","early","med","high",0.5,0.5,39,271.1
"290",29,"f","surv",27,NA,50,50,"same","early","med","high",0.5,0.5,39,271.1
"291",30,"d","biom",146.8,NA,50,50,"same","early","med","high",0.5,0.5,50,330.6
"292",30,"d","emer",115.09,4.73,50,50,"same","early","med","high",0.5,0.5,50,330.6
"293",30,"d","grow",0.09,0.01,50,50,"same","early","med","high",0.5,0.5,50,330.6
"294",30,"d","mass",6.38,0.06,50,50,"same","early","med","high",0.5,0.5,50,330.6
"295",30,"d","surv",23,NA,50,50,"same","early","med","high",0.5,0.5,50,330.6
"296",30,"f","biom",183.8,NA,50,50,"same","early","med","high",0.5,0.5,50,330.6
"297",30,"f","emer",98.26,3.66,50,50,"same","early","med","high",0.5,0.5,50,330.6
"298",30,"f","grow",0.12,0.01,50,50,"same","early","med","high",0.5,0.5,50,330.6
"299",30,"f","mass",6.81,0.14,50,50,"same","early","med","high",0.5,0.5,50,330.6
"300",30,"f","surv",27,NA,50,50,"same","early","med","high",0.5,0.5,50,330.6
"301",31,"d","biom",301.9,NA,50,50,"late","early","med","high",0.5,0.5,57,392.55
"302",31,"d","emer",108.27,2.52,50,50,"late","early","med","high",0.5,0.5,57,392.55
"303",31,"d","grow",0.11,0,50,50,"late","early","med","high",0.5,0.5,57,392.55
"304",31,"d","mass",6.86,0.08,50,50,"late","early","med","high",0.5,0.5,57,392.55
"305",31,"d","surv",44,NA,50,50,"late","early","med","high",0.5,0.5,57,392.55
"306",31,"f","biom",90.65,NA,50,50,"late","early","med","high",0.5,0.5,57,392.55
"307",31,"f","emer",119.62,10.38,50,50,"late","early","med","high",0.5,0.5,57,392.55
"308",31,"f","grow",0.11,0.01,50,50,"late","early","med","high",0.5,0.5,57,392.55
"309",31,"f","mass",6.97,0.32,50,50,"late","early","med","high",0.5,0.5,57,392.55
"310",31,"f","surv",13,NA,50,50,"late","early","med","high",0.5,0.5,57,392.55
"311",32,"d","biom",338.65,NA,50,50,"late","early","med","high",0.5,0.5,58,404.6
"312",32,"d","emer",110.71,2.36,50,50,"late","early","med","high",0.5,0.5,58,404.6
"313",32,"d","grow",0.11,0,50,50,"late","early","med","high",0.5,0.5,58,404.6
"314",32,"d","mass",6.91,0.08,50,50,"late","early","med","high",0.5,0.5,58,404.6
"315",32,"d","surv",49,NA,50,50,"late","early","med","high",0.5,0.5,58,404.6
"316",32,"f","biom",65.95,NA,50,50,"late","early","med","high",0.5,0.5,58,404.6
"317",32,"f","emer",115.33,12.76,50,50,"late","early","med","high",0.5,0.5,58,404.6
"318",32,"f","grow",0.12,0.02,50,50,"late","early","med","high",0.5,0.5,58,404.6
"319",32,"f","mass",7.33,0.35,50,50,"late","early","med","high",0.5,0.5,58,404.6
"320",32,"f","surv",9,NA,50,50,"late","early","med","high",0.5,0.5,58,404.6
"321",33,"d","biom",305.3,NA,50,50,"late","early","med","high",0.5,0.5,58,396.7
"322",33,"d","emer",112.27,2.38,50,50,"late","early","med","high",0.5,0.5,58,396.7
"323",33,"d","grow",0.11,0,50,50,"late","early","med","high",0.5,0.5,58,396.7
"324",33,"d","mass",6.78,0.08,50,50,"late","early","med","high",0.5,0.5,58,396.7
"325",33,"d","surv",45,NA,50,50,"late","early","med","high",0.5,0.5,58,396.7
"326",33,"f","biom",91.4,NA,50,50,"late","early","med","high",0.5,0.5,58,396.7
"327",33,"f","emer",115.15,9.59,50,50,"late","early","med","high",0.5,0.5,58,396.7
"328",33,"f","grow",0.12,0.01,50,50,"late","early","med","high",0.5,0.5,58,396.7
"329",33,"f","mass",7.03,0.26,50,50,"late","early","med","high",0.5,0.5,58,396.7
"330",33,"f","surv",13,NA,50,50,"late","early","med","high",0.5,0.5,58,396.7
"331",34,"d","biom",298.7,NA,50,50,"late","early","med","high",0.5,0.5,58,394
"332",34,"d","emer",108.02,1.8,50,50,"late","early","med","high",0.5,0.5,58,394
"333",34,"d","grow",0.11,0,50,50,"late","early","med","high",0.5,0.5,58,394
"334",34,"d","mass",6.79,0.08,50,50,"late","early","med","high",0.5,0.5,58,394
"335",34,"d","surv",44,NA,50,50,"late","early","med","high",0.5,0.5,58,394
"336",34,"f","biom",95.3,NA,50,50,"late","early","med","high",0.5,0.5,58,394
"337",34,"f","emer",108.14,4.66,50,50,"late","early","med","high",0.5,0.5,58,394
"338",34,"f","grow",0.11,0.01,50,50,"late","early","med","high",0.5,0.5,58,394
"339",34,"f","mass",6.81,0.12,50,50,"late","early","med","high",0.5,0.5,58,394
"340",34,"f","surv",14,NA,50,50,"late","early","med","high",0.5,0.5,58,394
"341",35,"d","biom",319.6,NA,50,50,"late","early","med","high",0.5,0.5,61,410.85
"342",35,"d","emer",111.79,2.64,50,50,"late","early","med","high",0.5,0.5,61,410.85
"343",35,"d","grow",0.11,0,50,50,"late","early","med","high",0.5,0.5,61,410.85
"344",35,"d","mass",6.8,0.08,50,50,"late","early","med","high",0.5,0.5,61,410.85
"345",35,"d","surv",47,NA,50,50,"late","early","med","high",0.5,0.5,61,410.85
"346",35,"f","biom",91.25,NA,50,50,"late","early","med","high",0.5,0.5,61,410.85
"347",35,"f","emer",119.14,4.24,50,50,"late","early","med","high",0.5,0.5,61,410.85
"348",35,"f","grow",0.1,0.01,50,50,"late","early","med","high",0.5,0.5,61,410.85
"349",35,"f","mass",6.52,0.13,50,50,"late","early","med","high",0.5,0.5,61,410.85
"350",35,"f","surv",14,NA,50,50,"late","early","med","high",0.5,0.5,61,410.85
"351",36,"d","biom",269.55,NA,50,50,"late","early","med","high",0.5,0.5,56,379.45
"352",36,"d","emer",111.42,2.5,50,50,"late","early","med","high",0.5,0.5,56,379.45
"353",36,"d","grow",0.11,0,50,50,"late","early","med","high",0.5,0.5,56,379.45
"354",36,"d","mass",6.74,0.07,50,50,"late","early","med","high",0.5,0.5,56,379.45
"355",36,"d","surv",40,NA,50,50,"late","early","med","high",0.5,0.5,56,379.45
"356",36,"f","biom",109.9,NA,50,50,"late","early","med","high",0.5,0.5,56,379.45
"357",36,"f","emer",114.19,5.92,50,50,"late","early","med","high",0.5,0.5,56,379.45
"358",36,"f","grow",0.11,0.01,50,50,"late","early","med","high",0.5,0.5,56,379.45
"359",36,"f","mass",6.87,0.22,50,50,"late","early","med","high",0.5,0.5,56,379.45
"360",36,"f","surv",16,NA,50,50,"late","early","med","high",0.5,0.5,56,379.45
"361",37,"d","biom",37.3,NA,50,50,"early","early","low","high",0.5,0.5,44,306.85
"362",37,"d","emer",151,8.15,50,50,"early","early","low","high",0.5,0.5,44,306.85
"363",37,"d","grow",0.06,0,50,50,"early","early","low","high",0.5,0.5,44,306.85
"364",37,"d","mass",6.22,0.06,50,50,"early","early","low","high",0.5,0.5,44,306.85
"365",37,"d","surv",6,NA,50,50,"early","early","low","high",0.5,0.5,44,306.85
"366",37,"f","biom",269.55,NA,50,50,"early","early","low","high",0.5,0.5,44,306.85
"367",37,"f","emer",89.5,2.7,50,50,"early","early","low","high",0.5,0.5,44,306.85
"368",37,"f","grow",0.11,0,50,50,"early","early","low","high",0.5,0.5,44,306.85
"369",37,"f","mass",7.09,0.12,50,50,"early","early","low","high",0.5,0.5,44,306.85
"370",37,"f","surv",38,NA,50,50,"early","early","low","high",0.5,0.5,44,306.85
"371",38,"d","biom",56.35,NA,50,50,"early","early","low","high",0.5,0.5,43,302.15
"372",38,"d","emer",143.67,6.8,50,50,"early","early","low","high",0.5,0.5,43,302.15
"373",38,"d","grow",0.06,0,50,50,"early","early","low","high",0.5,0.5,43,302.15
"374",38,"d","mass",6.26,0.05,50,50,"early","early","low","high",0.5,0.5,43,302.15
"375",38,"d","surv",9,NA,50,50,"early","early","low","high",0.5,0.5,43,302.15
"376",38,"f","biom",245.8,NA,50,50,"early","early","low","high",0.5,0.5,43,302.15
"377",38,"f","emer",89.56,3.08,50,50,"early","early","low","high",0.5,0.5,43,302.15
"378",38,"f","grow",0.11,0,50,50,"early","early","low","high",0.5,0.5,43,302.15
"379",38,"f","mass",7.23,0.12,50,50,"early","early","low","high",0.5,0.5,43,302.15
"380",38,"f","surv",34,NA,50,50,"early","early","low","high",0.5,0.5,43,302.15
"381",39,"d","biom",31.15,NA,50,50,"early","early","low","high",0.5,0.5,41,296.05
"382",39,"d","emer",136.2,12.28,50,50,"early","early","low","high",0.5,0.5,41,296.05
"383",39,"d","grow",0.07,0.01,50,50,"early","early","low","high",0.5,0.5,41,296.05
"384",39,"d","mass",6.23,0.08,50,50,"early","early","low","high",0.5,0.5,41,296.05
"385",39,"d","surv",5,NA,50,50,"early","early","low","high",0.5,0.5,41,296.05
"386",39,"f","biom",264.9,NA,50,50,"early","early","low","high",0.5,0.5,41,296.05
"387",39,"f","emer",86.47,2.18,50,50,"early","early","low","high",0.5,0.5,41,296.05
"388",39,"f","grow",0.11,0,50,50,"early","early","low","high",0.5,0.5,41,296.05
"389",39,"f","mass",7.36,0.13,50,50,"early","early","low","high",0.5,0.5,41,296.05
"390",39,"f","surv",36,NA,50,50,"early","early","low","high",0.5,0.5,41,296.05
"391",40,"d","biom",49.9,NA,50,50,"early","early","low","high",0.5,0.5,43,299.45
"392",40,"d","emer",130,6.75,50,50,"early","early","low","high",0.5,0.5,43,299.45
"393",40,"d","grow",0.07,0,50,50,"early","early","low","high",0.5,0.5,43,299.45
"394",40,"d","mass",6.24,0.05,50,50,"early","early","low","high",0.5,0.5,43,299.45
"395",40,"d","surv",8,NA,50,50,"early","early","low","high",0.5,0.5,43,299.45
"396",40,"f","biom",249.55,NA,50,50,"early","early","low","high",0.5,0.5,43,299.45
"397",40,"f","emer",91.66,3.08,50,50,"early","early","low","high",0.5,0.5,43,299.45
"398",40,"f","grow",0.1,0,50,50,"early","early","low","high",0.5,0.5,43,299.45
"399",40,"f","mass",7.13,0.12,50,50,"early","early","low","high",0.5,0.5,43,299.45
"400",40,"f","surv",35,NA,50,50,"early","early","low","high",0.5,0.5,43,299.45
"401",41,"d","biom",38.1,NA,50,50,"early","early","low","high",0.5,0.5,44,307.9
"402",41,"d","emer",138.33,6.65,50,50,"early","early","low","high",0.5,0.5,44,307.9
"403",41,"d","grow",0.07,0,50,50,"early","early","low","high",0.5,0.5,44,307.9
"404",41,"d","mass",6.35,0.07,50,50,"early","early","low","high",0.5,0.5,44,307.9
"405",41,"d","surv",6,NA,50,50,"early","early","low","high",0.5,0.5,44,307.9
"406",41,"f","biom",269.8,NA,50,50,"early","early","low","high",0.5,0.5,44,307.9
"407",41,"f","emer",89.95,2.53,50,50,"early","early","low","high",0.5,0.5,44,307.9
"408",41,"f","grow",0.1,0,50,50,"early","early","low","high",0.5,0.5,44,307.9
"409",41,"f","mass",7.1,0.12,50,50,"early","early","low","high",0.5,0.5,44,307.9
"410",41,"f","surv",38,NA,50,50,"early","early","low","high",0.5,0.5,44,307.9
"411",42,"d","biom",56.85,NA,50,50,"early","early","low","high",0.5,0.5,41,287.3
"412",42,"d","emer",120.22,6.17,50,50,"early","early","low","high",0.5,0.5,41,287.3
"413",42,"d","grow",0.08,0.01,50,50,"early","early","low","high",0.5,0.5,41,287.3
"414",42,"d","mass",6.32,0.04,50,50,"early","early","low","high",0.5,0.5,41,287.3
"415",42,"d","surv",9,NA,50,50,"early","early","low","high",0.5,0.5,41,287.3
"416",42,"f","biom",230.45,NA,50,50,"early","early","low","high",0.5,0.5,41,287.3
"417",42,"f","emer",87.88,2.55,50,50,"early","early","low","high",0.5,0.5,41,287.3
"418",42,"f","grow",0.11,0,50,50,"early","early","low","high",0.5,0.5,41,287.3
"419",42,"f","mass",7.2,0.13,50,50,"early","early","low","high",0.5,0.5,41,287.3
"420",42,"f","surv",32,NA,50,50,"early","early","low","high",0.5,0.5,41,287.3
"421",43,"d","biom",203.85,NA,50,50,"same","early","low","high",0.5,0.5,53,370.35
"422",43,"d","emer",117.16,3.31,50,50,"same","early","low","high",0.5,0.5,53,370.35
"423",43,"d","grow",0.09,0,50,50,"same","early","low","high",0.5,0.5,53,370.35
"424",43,"d","mass",6.58,0.08,50,50,"same","early","low","high",0.5,0.5,53,370.35
"425",43,"d","surv",31,NA,50,50,"same","early","low","high",0.5,0.5,53,370.35
"426",43,"f","biom",166.5,NA,50,50,"same","early","low","high",0.5,0.5,53,370.35
"427",43,"f","emer",100.64,7.24,50,50,"same","early","low","high",0.5,0.5,53,370.35
"428",43,"f","grow",0.12,0.01,50,50,"same","early","low","high",0.5,0.5,53,370.35
"429",43,"f","mass",7.57,0.28,50,50,"same","early","low","high",0.5,0.5,53,370.35
"430",43,"f","surv",22,NA,50,50,"same","early","low","high",0.5,0.5,53,370.35
"431",44,"d","biom",150.65,NA,50,50,"same","early","low","high",0.5,0.5,49,343
"432",44,"d","emer",117.26,4.52,50,50,"same","early","low","high",0.5,0.5,49,343
"433",44,"d","grow",0.09,0.01,50,50,"same","early","low","high",0.5,0.5,49,343
"434",44,"d","mass",6.55,0.12,50,50,"same","early","low","high",0.5,0.5,49,343
"435",44,"d","surv",23,NA,50,50,"same","early","low","high",0.5,0.5,49,343
"436",44,"f","biom",192.35,NA,50,50,"same","early","low","high",0.5,0.5,49,343
"437",44,"f","emer",98.88,4.32,50,50,"same","early","low","high",0.5,0.5,49,343
"438",44,"f","grow",0.12,0.01,50,50,"same","early","low","high",0.5,0.5,49,343
"439",44,"f","mass",7.4,0.2,50,50,"same","early","low","high",0.5,0.5,49,343
"440",44,"f","surv",26,NA,50,50,"same","early","low","high",0.5,0.5,49,343
"441",45,"d","biom",153,NA,50,50,"same","early","low","high",0.5,0.5,50,350.25
"442",45,"d","emer",123.08,4.76,50,50,"same","early","low","high",0.5,0.5,50,350.25
"443",45,"d","grow",0.09,0,50,50,"same","early","low","high",0.5,0.5,50,350.25
"444",45,"d","mass",6.38,0.06,50,50,"same","early","low","high",0.5,0.5,50,350.25
"445",45,"d","surv",24,NA,50,50,"same","early","low","high",0.5,0.5,50,350.25
"446",45,"f","biom",197.25,NA,50,50,"same","early","low","high",0.5,0.5,50,350.25
"447",45,"f","emer",95.65,5.22,50,50,"same","early","low","high",0.5,0.5,50,350.25
"448",45,"f","grow",0.12,0.01,50,50,"same","early","low","high",0.5,0.5,50,350.25
"449",45,"f","mass",7.59,0.22,50,50,"same","early","low","high",0.5,0.5,50,350.25
"450",45,"f","surv",26,NA,50,50,"same","early","low","high",0.5,0.5,50,350.25
"451",46,"d","biom",207.25,NA,50,50,"same","early","low","high",0.5,0.5,57,387.55
"452",46,"d","emer",117.72,3.01,50,50,"same","early","low","high",0.5,0.5,57,387.55
"453",46,"d","grow",0.09,0,50,50,"same","early","low","high",0.5,0.5,57,387.55
"454",46,"d","mass",6.48,0.05,50,50,"same","early","low","high",0.5,0.5,57,387.55
"455",46,"d","surv",32,NA,50,50,"same","early","low","high",0.5,0.5,57,387.55
"456",46,"f","biom",180.3,NA,50,50,"same","early","low","high",0.5,0.5,57,387.55
"457",46,"f","emer",98.36,5.44,50,50,"same","early","low","high",0.5,0.5,57,387.55
"458",46,"f","grow",0.11,0.01,50,50,"same","early","low","high",0.5,0.5,57,387.55
"459",46,"f","mass",7.21,0.19,50,50,"same","early","low","high",0.5,0.5,57,387.55
"460",46,"f","surv",25,NA,50,50,"same","early","low","high",0.5,0.5,57,387.55
"461",47,"d","biom",160.3,NA,50,50,"same","early","low","high",0.5,0.5,48,338.1
"462",47,"d","emer",124.56,5.66,50,50,"same","early","low","high",0.5,0.5,48,338.1
"463",47,"d","grow",0.09,0,50,50,"same","early","low","high",0.5,0.5,48,338.1
"464",47,"d","mass",6.41,0.06,50,50,"same","early","low","high",0.5,0.5,48,338.1
"465",47,"d","surv",25,NA,50,50,"same","early","low","high",0.5,0.5,48,338.1
"466",47,"f","biom",177.8,NA,50,50,"same","early","low","high",0.5,0.5,48,338.1
"467",47,"f","emer",89.7,4,50,50,"same","early","low","high",0.5,0.5,48,338.1
"468",47,"f","grow",0.13,0.01,50,50,"same","early","low","high",0.5,0.5,48,338.1
"469",47,"f","mass",7.73,0.17,50,50,"same","early","low","high",0.5,0.5,48,338.1
"470",47,"f","surv",23,NA,50,50,"same","early","low","high",0.5,0.5,48,338.1
"471",48,"d","biom",124.7,NA,50,50,"same","early","low","high",0.5,0.5,47,324.85
"472",48,"d","emer",125.85,4.05,50,50,"same","early","low","high",0.5,0.5,47,324.85
"473",48,"d","grow",0.08,0,50,50,"same","early","low","high",0.5,0.5,47,324.85
"474",48,"d","mass",6.24,0.04,50,50,"same","early","low","high",0.5,0.5,47,324.85
"475",48,"d","surv",20,NA,50,50,"same","early","low","high",0.5,0.5,47,324.85
"476",48,"f","biom",200.15,NA,50,50,"same","early","low","high",0.5,0.5,47,324.85
"477",48,"f","emer",90.37,3.52,50,50,"same","early","low","high",0.5,0.5,47,324.85
"478",48,"f","grow",0.12,0.01,50,50,"same","early","low","high",0.5,0.5,47,324.85
"479",48,"f","mass",7.41,0.16,50,50,"same","early","low","high",0.5,0.5,47,324.85
"480",48,"f","surv",27,NA,50,50,"same","early","low","high",0.5,0.5,47,324.85
"481",49,"d","biom",290.25,NA,50,50,"late","early","low","high",0.5,0.5,58,403.55
"482",49,"d","emer",116.34,2.79,50,50,"late","early","low","high",0.5,0.5,58,403.55
"483",49,"d","grow",0.1,0,50,50,"late","early","low","high",0.5,0.5,58,403.55
"484",49,"d","mass",6.6,0.06,50,50,"late","early","low","high",0.5,0.5,58,403.55
"485",49,"d","surv",44,NA,50,50,"late","early","low","high",0.5,0.5,58,403.55
"486",49,"f","biom",113.3,NA,50,50,"late","early","low","high",0.5,0.5,58,403.55
"487",49,"f","emer",93.79,5.46,50,50,"late","early","low","high",0.5,0.5,58,403.55
"488",49,"f","grow",0.14,0.01,50,50,"late","early","low","high",0.5,0.5,58,403.55
"489",49,"f","mass",8.09,0.44,50,50,"late","early","low","high",0.5,0.5,58,403.55
"490",49,"f","surv",14,NA,50,50,"late","early","low","high",0.5,0.5,58,403.55
"491",50,"d","biom",317.2,NA,50,50,"late","early","low","high",0.5,0.5,63,427.1
"492",50,"d","emer",116.21,2.5,50,50,"late","early","low","high",0.5,0.5,63,427.1
"493",50,"d","grow",0.1,0,50,50,"late","early","low","high",0.5,0.5,63,427.1
"494",50,"d","mass",6.61,0.07,50,50,"late","early","low","high",0.5,0.5,63,427.1
"495",50,"d","surv",48,NA,50,50,"late","early","low","high",0.5,0.5,63,427.1
"496",50,"f","biom",109.9,NA,50,50,"late","early","low","high",0.5,0.5,63,427.1
"497",50,"f","emer",102.2,5.01,50,50,"late","early","low","high",0.5,0.5,63,427.1
"498",50,"f","grow",0.13,0.01,50,50,"late","early","low","high",0.5,0.5,63,427.1
"499",50,"f","mass",7.33,0.23,50,50,"late","early","low","high",0.5,0.5,63,427.1
"500",50,"f","surv",15,NA,50,50,"late","early","low","high",0.5,0.5,63,427.1
"501",51,"d","biom",316.95,NA,50,50,"late","early","low","high",0.5,0.5,59,411.9
"502",51,"d","emer",110.51,2.29,50,50,"late","early","low","high",0.5,0.5,59,411.9
"503",51,"d","grow",0.11,0,50,50,"late","early","low","high",0.5,0.5,59,411.9
"504",51,"d","mass",6.74,0.07,50,50,"late","early","low","high",0.5,0.5,59,411.9
"505",51,"d","surv",47,NA,50,50,"late","early","low","high",0.5,0.5,59,411.9
"506",51,"f","biom",94.95,NA,50,50,"late","early","low","high",0.5,0.5,59,411.9
"507",51,"f","emer",97.17,5.77,50,50,"late","early","low","high",0.5,0.5,59,411.9
"508",51,"f","grow",0.13,0.01,50,50,"late","early","low","high",0.5,0.5,59,411.9
"509",51,"f","mass",7.91,0.42,50,50,"late","early","low","high",0.5,0.5,59,411.9
"510",51,"f","surv",12,NA,50,50,"late","early","low","high",0.5,0.5,59,411.9
"511",52,"d","biom",306.8,NA,50,50,"late","early","low","high",0.5,0.5,61,431.95
"512",52,"d","emer",111.62,2.3,50,50,"late","early","low","high",0.5,0.5,61,431.95
"513",52,"d","grow",0.11,0,50,50,"late","early","low","high",0.5,0.5,61,431.95
"514",52,"d","mass",6.82,0.08,50,50,"late","early","low","high",0.5,0.5,61,431.95
"515",52,"d","surv",45,NA,50,50,"late","early","low","high",0.5,0.5,61,431.95
"516",52,"f","biom",125.15,NA,50,50,"late","early","low","high",0.5,0.5,61,431.95
"517",52,"f","emer",104.75,8.01,50,50,"late","early","low","high",0.5,0.5,61,431.95
"518",52,"f","grow",0.12,0.01,50,50,"late","early","low","high",0.5,0.5,61,431.95
"519",52,"f","mass",7.82,0.38,50,50,"late","early","low","high",0.5,0.5,61,431.95
"520",52,"f","surv",16,NA,50,50,"late","early","low","high",0.5,0.5,61,431.95
"521",53,"d","biom",288.9,NA,50,50,"late","early","low","high",0.5,0.5,62,425.4
"522",53,"d","emer",111.02,2.34,50,50,"late","early","low","high",0.5,0.5,62,425.4
"523",53,"d","grow",0.11,0,50,50,"late","early","low","high",0.5,0.5,62,425.4
"524",53,"d","mass",6.72,0.07,50,50,"late","early","low","high",0.5,0.5,62,425.4
"525",53,"d","surv",43,NA,50,50,"late","early","low","high",0.5,0.5,62,425.4
"526",53,"f","biom",136.5,NA,50,50,"late","early","low","high",0.5,0.5,62,425.4
"527",53,"f","emer",114.26,7.7,50,50,"late","early","low","high",0.5,0.5,62,425.4
"528",53,"f","grow",0.11,0.01,50,50,"late","early","low","high",0.5,0.5,62,425.4
"529",53,"f","mass",7.18,0.24,50,50,"late","early","low","high",0.5,0.5,62,425.4
"530",53,"f","surv",19,NA,50,50,"late","early","low","high",0.5,0.5,62,425.4
"531",54,"d","biom",277.45,NA,50,50,"late","early","low","high",0.5,0.5,57,401.85
"532",54,"d","emer",114.68,3.21,50,50,"late","early","low","high",0.5,0.5,57,401.85
"533",54,"d","grow",0.11,0,50,50,"late","early","low","high",0.5,0.5,57,401.85
"534",54,"d","mass",6.77,0.08,50,50,"late","early","low","high",0.5,0.5,57,401.85
"535",54,"d","surv",41,NA,50,50,"late","early","low","high",0.5,0.5,57,401.85
"536",54,"f","biom",124.4,NA,50,50,"late","early","low","high",0.5,0.5,57,401.85
"537",54,"f","emer",103.56,5.73,50,50,"late","early","low","high",0.5,0.5,57,401.85
"538",54,"f","grow",0.13,0.01,50,50,"late","early","low","high",0.5,0.5,57,401.85
"539",54,"f","mass",7.78,0.4,50,50,"late","early","low","high",0.5,0.5,57,401.85
"540",54,"f","surv",16,NA,50,50,"late","early","low","high",0.5,0.5,57,401.85
